{"cameraMode":{"drawMode":0,"name":"Shaded","section":"Shading Mode"},"sceneLighting":false,"audioPlay":false,"sceneViewState":{"showFog":true,"showMaterialUpdate":true,"showSkybox":false,"showFlares":true,"showImageEffects":true,"showParticleSystems":true},"in2DMode":false,"pivot":{"x":22.234474182128908,"y":-17.633419036865236,"z":15.18122673034668},"rotation":{"x":-0.17761088907718659,"y":-0.6199032068252564,"z":0.14678417146205903,"w":-0.7501133680343628},"size":64.0787582397461,"orthographic":false}